GasStationID,GasStationName,Address,PhoneNumber,Email,Notes
1,GasStation 1,"Duong Vo Thi Sau, City",109303093,station1@example.com,No additional information
2,GasStation 2,"Duong Vo Van Kiet, City",203139308,station2@example.com,No additional information
3,GasStation 3,"Duong Phan Xich Long, City",498795080,station3@example.com,No additional information
4,GasStation 4,"Duong Le Duan, City",620937571,station4@example.com,No additional information
5,GasStation 5,"Nguyen Tat Thanh, City",605727535,station5@example.com,No additional information
6,GasStation 6,"Le Van Khuong, City",570599108,station6@example.com,No additional information
7,GasStation 7,"Nguyen Dinh Chieu, City",160436168,station7@example.com,No additional information
8,GasStation 8,"Dai Lo Dong Tay, City",944368190,station8@example.com,No additional information
9,GasStation 9,"Nam Ky Khoi Nghia, City",583375197,station9@example.com,No additional information
10,GasStation 10,"Bach Dang, City",201549868,station10@example.com,No additional information
