EmployeeID,EmployeeName,Position,GasStationID,PhoneNumber,Email,StartDate,Address
1,Employee 1,Maintenance,96,0747753713,employee1@example.com,2023-04-29,"Duong Hai Ba Trung, City"
2,Employee 2,Pump Attendant,41,0522720047,employee2@example.com,2023-12-31,"Tran Quoc Toan, City"
3,Employee 3,Maintenance,80,0468803752,employee3@example.com,2023-07-02,"Nguyen Tat Thanh, City"
4,Employee 4,Maintenance,30,0342075744,employee4@example.com,2023-05-14,"Duong Bui Vien, City"
5,Employee 5,Manager,94,0832841347,employee5@example.com,2024-01-15,"Vo Van Ngan, City"
6,Employee 6,Pump Attendant,71,0163008456,employee6@example.com,2024-03-13,"Ly Thai To, City"
7,Employee 7,Cashier,41,0378531251,employee7@example.com,2023-05-02,"Kinh Duong Vuong, City"
8,Employee 8,Maintenance,5,0514921083,employee8@example.com,2024-03-08,"Le Van Khuong, City"
9,Employee 9,Maintenance,51,0413302883,employee9@example.com,2023-06-28,"Duong Bui Vien, City"
10,Employee 10,Cashier,59,0931197959,employee10@example.com,2023-05-26,"Duong Ton Duc Thang, City"
11,Employee 11,Manager,8,0314041654,employee11@example.com,2023-10-04,"Cach Mang Thang Tam, City"
12,Employee 12,Manager,78,0943047880,employee12@example.com,2023-05-15,"Xo Viet Nghe Tinh, City"
13,Employee 13,Manager,7,0678417236,employee13@example.com,2023-08-07,"Duong Bui Vien, City"
14,Employee 14,Maintenance,48,0682452202,employee14@example.com,2023-11-19,"Ly Thai To, City"
15,Employee 15,Manager,97,0220521157,employee15@example.com,2023-07-23,"Duong Tran Quoc Thao, City"
16,Employee 16,Pump Attendant,64,0210939658,employee16@example.com,2023-12-05,"Ha Huy Giap, City"
17,Employee 17,Maintenance,61,0862952634,employee17@example.com,2023-05-05,"Nguyen Hue, City"
18,Employee 18,Maintenance,84,0749889643,employee18@example.com,2023-08-19,"Nguyen Tat Thanh, City"
19,Employee 19,Cashier,55,0924948378,employee19@example.com,2023-05-21,"Ky Con, City"
20,Employee 20,Manager,38,0670817473,employee20@example.com,2023-05-04,"Dai Lo Dong Tay, City"
21,Employee 21,Cashier,37,0615458985,employee21@example.com,2023-11-20,"Duong Pasteur, City"
22,Employee 22,Cashier,92,0943443028,employee22@example.com,2024-02-10,"Le Van Sy, City"
23,Employee 23,Maintenance,40,0363127189,employee23@example.com,2023-07-20,"Bach Dang, City"
24,Employee 24,Maintenance,49,0520299370,employee24@example.com,2023-07-08,"Duong Dien Bien Phu, City"
25,Employee 25,Pump Attendant,87,0869536149,employee25@example.com,2023-08-01,"Duong Bui Vien, City"
26,Employee 26,Cashier,10,0703794978,employee26@example.com,2023-11-26,"Duong Pasteur, City"
27,Employee 27,Pump Attendant,18,0111259664,employee27@example.com,2024-03-19,"Phan Van Tri, City"
28,Employee 28,Pump Attendant,26,0498552769,employee28@example.com,2023-06-29,"Cau Sai Gon, City"
29,Employee 29,Cashier,89,0705008469,employee29@example.com,2023-08-18,"Ly Thai To, City"
30,Employee 30,Manager,86,0269091703,employee30@example.com,2023-06-02,"Tran Quoc Toan, City"
31,Employee 31,Pump Attendant,3,0202286463,employee31@example.com,2023-05-27,"Duong Truong Dinh, City"
32,Employee 32,Pump Attendant,37,0363858709,employee32@example.com,2023-05-22,"Ly Thai To, City"
33,Employee 33,Manager,88,0477752621,employee33@example.com,2024-02-17,"Duong Cach Mang Thang Tam, City"
34,Employee 34,Pump Attendant,86,0619416553,employee34@example.com,2023-07-02,"Xa Lo Ha Noi, City"
35,Employee 35,Manager,30,0321232560,employee35@example.com,2024-02-15,"Nguyen Dinh Chieu, City"
36,Employee 36,Cashier,76,0793895511,employee36@example.com,2023-11-21,"Duong Tran Hung Dao, City"
37,Employee 37,Pump Attendant,66,0232711699,employee37@example.com,2023-07-06,"Phan Van Tri, City"
38,Employee 38,Cashier,57,0640007707,employee38@example.com,2023-05-25,"Duong Nguyen Hue, City"
39,Employee 39,Maintenance,45,0851841275,employee39@example.com,2023-10-30,"Tran Nao, City"
40,Employee 40,Maintenance,78,0894460124,employee40@example.com,2023-08-02,"Duong Le Thanh Ton, City"
41,Employee 41,Cashier,91,0538696551,employee41@example.com,2023-09-20,"Tran Nao, City"
42,Employee 42,Maintenance,82,0791973374,employee42@example.com,2023-05-28,"Xo Viet Nghe Tinh, City"
43,Employee 43,Cashier,79,0394095742,employee43@example.com,2024-02-24,"Hong Bang, City"
44,Employee 44,Maintenance,14,0864981253,employee44@example.com,2023-07-27,"Nguyen Dinh Chieu, City"
45,Employee 45,Maintenance,66,0338690304,employee45@example.com,2023-12-31,"Duong Phan Xich Long, City"
46,Employee 46,Cashier,4,0770815809,employee46@example.com,2023-11-05,"Duong Cach Mang Thang Tam, City"
47,Employee 47,Pump Attendant,96,0744993574,employee47@example.com,2024-02-21,"Phan Van Tri, City"
48,Employee 48,Pump Attendant,57,0955090196,employee48@example.com,2023-12-25,"Ly Thai To, City"
49,Employee 49,Manager,19,0806932115,employee49@example.com,2024-02-14,"Duong Le Loi, City"
50,Employee 50,Cashier,97,0518686066,employee50@example.com,2023-05-05,"Duong Tran Quoc Thao, City"
51,Employee 51,Cashier,67,0694546387,employee51@example.com,2024-01-19,"Ly Thai To, City"
52,Employee 52,Pump Attendant,50,0189389763,employee52@example.com,2024-02-29,"Tran Quoc Toan, City"
53,Employee 53,Maintenance,58,0863688942,employee53@example.com,2023-08-04,"Duong Nam Ky Khoi Nghia, City"
54,Employee 54,Manager,1,0636887774,employee54@example.com,2023-05-30,"Cau Sai Gon, City"
55,Employee 55,Cashier,31,0800998286,employee55@example.com,2024-01-28,"Ham Nghi, City"
56,Employee 56,Pump Attendant,41,0582436513,employee56@example.com,2024-01-19,"Duong Nguyen Thi Minh Khai, City"
57,Employee 57,Manager,63,0884749184,employee57@example.com,2023-04-07,"Duong Nam Ky Khoi Nghia, City"
58,Employee 58,Maintenance,6,0995535218,employee58@example.com,2023-12-07,"Le Lai, City"
59,Employee 59,Pump Attendant,75,0647885664,employee59@example.com,2023-08-06,"Duong Le Loi, City"
60,Employee 60,Pump Attendant,62,0739601743,employee60@example.com,2024-03-29,"Bach Dang, City"
61,Employee 61,Maintenance,65,0988903809,employee61@example.com,2024-01-11,"Vo Van Ngan, City"
62,Employee 62,Pump Attendant,100,0465729108,employee62@example.com,2024-01-31,"Cau Sai Gon, City"
63,Employee 63,Cashier,65,0125277717,employee63@example.com,2023-04-15,"Nguyen Dinh Chieu, City"
64,Employee 64,Pump Attendant,34,0962353675,employee64@example.com,2024-03-10,"Duong Ton Duc Thang, City"
65,Employee 65,Manager,23,0146073577,employee65@example.com,2023-07-29,"Nguyen Hong, City"
66,Employee 66,Manager,66,0593674326,employee66@example.com,2023-12-21,"Ly Thai To, City"
67,Employee 67,Cashier,76,0688742160,employee67@example.com,2023-10-30,"Xo Viet Nghe Tinh, City"
68,Employee 68,Manager,93,0176456081,employee68@example.com,2023-10-23,"Duong Tran Quoc Thao, City"
69,Employee 69,Pump Attendant,4,0207468185,employee69@example.com,2023-10-07,"Duong Truong Dinh, City"
70,Employee 70,Cashier,11,0656987807,employee70@example.com,2024-02-06,"Duong Tran Quoc Thao, City"
71,Employee 71,Manager,8,0131772064,employee71@example.com,2023-09-01,"Nguyen Hong, City"
72,Employee 72,Manager,27,0135112005,employee72@example.com,2023-07-31,"Duong Nguyen Huu Canh, City"
73,Employee 73,Manager,49,0229336856,employee73@example.com,2024-03-05,"An Duong Vuong, City"
74,Employee 74,Maintenance,28,0368946830,employee74@example.com,2023-06-21,"Duong Tran Hung Dao, City"
75,Employee 75,Cashier,69,0716022913,employee75@example.com,2023-04-13,"Duong Hung Vuong, City"
76,Employee 76,Manager,37,0491851024,employee76@example.com,2023-12-08,"Duong Truong Dinh, City"
77,Employee 77,Manager,90,0392047192,employee77@example.com,2023-09-13,"Hong Bang, City"
78,Employee 78,Cashier,48,0792716732,employee78@example.com,2023-06-16,"Duong Tran Hung Dao, City"
79,Employee 79,Pump Attendant,19,0142291311,employee79@example.com,2024-02-29,"Nam Ky Khoi Nghia, City"
80,Employee 80,Cashier,50,0252742247,employee80@example.com,2024-03-21,"Duong Hung Vuong, City"
81,Employee 81,Pump Attendant,59,0861273719,employee81@example.com,2024-01-24,"Nguyen Van Cu, City"
82,Employee 82,Maintenance,23,0507725734,employee82@example.com,2023-08-05,"Bach Dang, City"
83,Employee 83,Pump Attendant,60,0927018282,employee83@example.com,2024-02-20,"Duong Dien Bien Phu, City"
84,Employee 84,Manager,37,0729417508,employee84@example.com,2023-12-13,"Bach Dang, City"
85,Employee 85,Cashier,44,0181190274,employee85@example.com,2023-09-22,"Duong Nguyen Hue, City"
86,Employee 86,Manager,15,0402060967,employee86@example.com,2023-08-04,"Duong Phan Xich Long, City"
87,Employee 87,Pump Attendant,95,0758621120,employee87@example.com,2023-10-18,"Vo Van Ngan, City"
88,Employee 88,Maintenance,95,0199476257,employee88@example.com,2023-04-10,"Xa Lo Ha Noi, City"
89,Employee 89,Cashier,31,0576974230,employee89@example.com,2023-10-09,"Cau Sai Gon, City"
90,Employee 90,Pump Attendant,61,0371042621,employee90@example.com,2023-04-20,"Xo Viet Nghe Tinh, City"
91,Employee 91,Manager,2,0492377813,employee91@example.com,2024-02-16,"Cach Mang Thang Tam, City"
92,Employee 92,Maintenance,55,0873102399,employee92@example.com,2023-07-21,"Duong Pham Ngoc Thach, City"
93,Employee 93,Manager,69,0535025716,employee93@example.com,2023-05-28,"Duong Phan Xich Long, City"
94,Employee 94,Maintenance,94,0155501855,employee94@example.com,2024-01-23,"Bach Dang, City"
95,Employee 95,Maintenance,96,0442837263,employee95@example.com,2024-02-15,"Duong Vo Thi Sau, City"
96,Employee 96,Pump Attendant,70,0732255594,employee96@example.com,2024-03-17,"Duong Tran Quoc Thao, City"
97,Employee 97,Pump Attendant,80,0564874531,employee97@example.com,2023-06-01,"Kinh Duong Vuong, City"
98,Employee 98,Manager,57,0324709907,employee98@example.com,2024-02-19,"Duong Nguyen Huu Canh, City"
99,Employee 99,Manager,13,0507557098,employee99@example.com,2023-05-29,"Duong Pham Ngoc Thach, City"
100,Employee 100,Manager,26,0704734789,employee100@example.com,2023-09-22,"Nguyen Cong Tru, City"
101,Employee 101,Cashier,69,0428342410,employee101@example.com,2023-10-13,"Nguyen Hong, City"
102,Employee 102,Manager,49,0103453477,employee102@example.com,2023-11-04,"Nguyen Hue, City"
103,Employee 103,Cashier,57,0164259996,employee103@example.com,2023-08-19,"Duong Nguyen Binh Khiem, City"
104,Employee 104,Pump Attendant,67,0323320690,employee104@example.com,2023-10-24,"Duong Phan Xich Long, City"
105,Employee 105,Cashier,42,0634981670,employee105@example.com,2023-07-30,"Hong Bang, City"
106,Employee 106,Cashier,55,0379859875,employee106@example.com,2023-08-27,"Nguyen Dinh Chieu, City"
107,Employee 107,Maintenance,55,0293789483,employee107@example.com,2023-08-03,"Nam Ky Khoi Nghia, City"
108,Employee 108,Maintenance,66,0737127930,employee108@example.com,2023-06-24,"Nguyen Hue, City"
109,Employee 109,Pump Attendant,94,0776474244,employee109@example.com,2024-02-15,"Ton Duc Thang, City"
110,Employee 110,Manager,33,0981305979,employee110@example.com,2024-03-21,"Duong Ton Duc Thang, City"
111,Employee 111,Pump Attendant,6,0683455852,employee111@example.com,2024-02-07,"Duong Hung Vuong, City"
112,Employee 112,Maintenance,8,0114912682,employee112@example.com,2023-05-07,"Duong Nguyen Huu Canh, City"
113,Employee 113,Cashier,15,0328809146,employee113@example.com,2023-05-20,"Le Lai, City"
114,Employee 114,Manager,82,0925212402,employee114@example.com,2023-07-30,"Duong Tran Hung Dao, City"
115,Employee 115,Pump Attendant,20,0453602203,employee115@example.com,2023-12-29,"Phan Van Tri, City"
116,Employee 116,Manager,60,0177775962,employee116@example.com,2023-10-28,"Xa Lo Ha Noi, City"
117,Employee 117,Manager,29,0541397715,employee117@example.com,2023-10-16,"Duong Le Thanh Ton, City"
118,Employee 118,Maintenance,54,0233599450,employee118@example.com,2023-05-14,"Duong Hung Vuong, City"
119,Employee 119,Cashier,80,0318824488,employee119@example.com,2023-04-05,"Nguyen Tri Phuong, City"
120,Employee 120,Maintenance,30,0571731213,employee120@example.com,2023-12-31,"Cach Mang Thang Tam, City"
121,Employee 121,Maintenance,78,0674872472,employee121@example.com,2023-08-25,"Duong Bui Vien, City"
122,Employee 122,Cashier,35,0196465838,employee122@example.com,2024-01-02,"Duong Tran Hung Dao, City"
123,Employee 123,Maintenance,66,0306515064,employee123@example.com,2024-03-16,"Nguyen Dinh Chieu, City"
124,Employee 124,Cashier,93,0484157918,employee124@example.com,2023-06-19,"Dai Lo Dong Tay, City"
125,Employee 125,Cashier,73,0601358972,employee125@example.com,2023-05-14,"Nguyen Van Cu, City"
126,Employee 126,Cashier,17,0887633969,employee126@example.com,2023-08-08,"Duong Cach Mang Thang Tam, City"
127,Employee 127,Manager,79,0389724809,employee127@example.com,2023-05-17,"Le Lai, City"
128,Employee 128,Manager,81,0240794970,employee128@example.com,2023-12-01,"Duong Le Van Sy, City"
129,Employee 129,Maintenance,85,0486912670,employee129@example.com,2023-05-08,"Ky Con, City"
130,Employee 130,Cashier,13,0208329900,employee130@example.com,2023-10-16,"Nam Ky Khoi Nghia, City"
131,Employee 131,Cashier,73,0865216187,employee131@example.com,2023-05-06,"Ha Huy Giap, City"
132,Employee 132,Cashier,67,0810811696,employee132@example.com,2024-02-19,"Le Van Sy, City"
133,Employee 133,Maintenance,93,0988524459,employee133@example.com,2023-09-19,"Ly Thai To, City"
134,Employee 134,Cashier,56,0689302519,employee134@example.com,2023-08-11,"Xa Lo Ha Noi, City"
135,Employee 135,Pump Attendant,65,0917978904,employee135@example.com,2023-08-17,"Duong Nguyen Huu Canh, City"
136,Employee 136,Manager,17,0559605527,employee136@example.com,2023-12-16,"Nguyen Thi Thap, City"
137,Employee 137,Pump Attendant,46,0282543269,employee137@example.com,2024-02-10,"Duong Truong Dinh, City"
138,Employee 138,Manager,13,0234006187,employee138@example.com,2023-07-27,"Dien Bien Phu, City"
139,Employee 139,Manager,4,0113188563,employee139@example.com,2023-05-11,"Tran Nao, City"
140,Employee 140,Pump Attendant,94,0791058003,employee140@example.com,2023-10-07,"Nam Ky Khoi Nghia, City"
141,Employee 141,Maintenance,50,0495632530,employee141@example.com,2023-08-14,"Nguyen Hong, City"
142,Employee 142,Manager,55,0232381661,employee142@example.com,2023-09-02,"Phan Van Tri, City"
143,Employee 143,Pump Attendant,75,0773641589,employee143@example.com,2023-12-29,"Duong Phan Xich Long, City"
144,Employee 144,Pump Attendant,75,0948334663,employee144@example.com,2024-01-18,"Le Lai, City"
145,Employee 145,Manager,60,0345507861,employee145@example.com,2023-06-11,"Tran Hung Dao, City"
146,Employee 146,Cashier,5,0353009836,employee146@example.com,2024-01-28,"Duong Nguyen Huu Canh, City"
147,Employee 147,Manager,9,0320087346,employee147@example.com,2023-11-07,"Le Van Khuong, City"
148,Employee 148,Manager,24,0536547341,employee148@example.com,2023-07-26,"Cau Sai Gon, City"
149,Employee 149,Pump Attendant,83,0939565705,employee149@example.com,2023-08-12,"Duong Cach Mang Thang Tam, City"
150,Employee 150,Maintenance,82,0716113932,employee150@example.com,2024-02-21,"Duong Pasteur, City"
151,Employee 151,Cashier,50,0529806373,employee151@example.com,2023-09-02,"Duong Hai Ba Trung, City"
152,Employee 152,Manager,99,0444792516,employee152@example.com,2023-09-25,"An Duong Vuong, City"
153,Employee 153,Pump Attendant,77,0200157437,employee153@example.com,2023-12-13,"Duong Ton Duc Thang, City"
154,Employee 154,Maintenance,92,0971680492,employee154@example.com,2023-07-19,"Tran Quoc Toan, City"
155,Employee 155,Maintenance,19,0915719410,employee155@example.com,2023-06-14,"Pham Van Dong, City"
156,Employee 156,Pump Attendant,12,0331231464,employee156@example.com,2023-06-19,"Nguyen Tri Phuong, City"
157,Employee 157,Maintenance,8,0612718495,employee157@example.com,2023-04-22,"Cau Sai Gon, City"
158,Employee 158,Cashier,80,0633077960,employee158@example.com,2023-09-25,"Duong Vo Van Kiet, City"
159,Employee 159,Pump Attendant,53,0331042649,employee159@example.com,2023-09-24,"Bach Dang, City"
160,Employee 160,Cashier,81,0360022694,employee160@example.com,2024-01-17,"Duong Phan Xich Long, City"
161,Employee 161,Manager,6,0775874357,employee161@example.com,2023-08-11,"Nguyen Hue, City"
162,Employee 162,Manager,86,0957241980,employee162@example.com,2023-08-19,"Duong Nguyen Tri Phuong, City"
163,Employee 163,Cashier,42,0826930757,employee163@example.com,2024-03-16,"Ly Thai To, City"
164,Employee 164,Pump Attendant,60,0719882675,employee164@example.com,2024-02-06,"Duong Vo Thi Sau, City"
165,Employee 165,Pump Attendant,39,0764976276,employee165@example.com,2023-11-25,"Le Van Sy, City"
166,Employee 166,Pump Attendant,60,0437614926,employee166@example.com,2024-02-09,"Duong Le Duan, City"
167,Employee 167,Pump Attendant,79,0488607483,employee167@example.com,2024-03-15,"Duong Le Loi, City"
168,Employee 168,Maintenance,42,0850398561,employee168@example.com,2023-12-29,"Nguyen Hue, City"
169,Employee 169,Pump Attendant,43,0255661212,employee169@example.com,2024-01-10,"Le Van Sy, City"
170,Employee 170,Manager,25,0855521099,employee170@example.com,2024-03-16,"Duong Nguyen Binh Khiem, City"
171,Employee 171,Maintenance,24,0276066762,employee171@example.com,2023-06-10,"Ly Thai To, City"
172,Employee 172,Pump Attendant,35,0720920078,employee172@example.com,2023-04-29,"Nguyen Dinh Chieu, City"
173,Employee 173,Pump Attendant,12,0844346227,employee173@example.com,2023-10-20,"Duong Le Duan, City"
174,Employee 174,Cashier,30,0132115887,employee174@example.com,2023-04-09,"Duong Dien Bien Phu, City"
175,Employee 175,Cashier,89,0101977746,employee175@example.com,2023-08-28,"Vo Van Ngan, City"
176,Employee 176,Cashier,69,0639497938,employee176@example.com,2024-02-04,"Xo Viet Nghe Tinh, City"
177,Employee 177,Maintenance,59,0310777461,employee177@example.com,2023-07-03,"Tran Nao, City"
178,Employee 178,Cashier,24,0212340709,employee178@example.com,2023-10-20,"Duong Vo Van Kiet, City"
179,Employee 179,Cashier,11,0957759270,employee179@example.com,2023-06-16,"Nguyen Dinh Chieu, City"
180,Employee 180,Maintenance,34,0110647974,employee180@example.com,2023-06-15,"Ham Nghi, City"
181,Employee 181,Pump Attendant,54,0803751267,employee181@example.com,2023-06-25,"Nguyen Dinh Chieu, City"
182,Employee 182,Cashier,35,0985171475,employee182@example.com,2023-09-11,"Duong Le Duan, City"
183,Employee 183,Cashier,27,0670388224,employee183@example.com,2023-09-18,"Ly Thai To, City"
184,Employee 184,Pump Attendant,33,0532200187,employee184@example.com,2023-06-27,"Nam Ky Khoi Nghia, City"
185,Employee 185,Manager,25,0886348148,employee185@example.com,2023-08-18,"Tran Nao, City"
186,Employee 186,Manager,9,0405318557,employee186@example.com,2024-02-27,"Duong Le Duan, City"
187,Employee 187,Pump Attendant,28,0870385918,employee187@example.com,2023-09-18,"Thong Nhat, City"
188,Employee 188,Manager,22,0590931801,employee188@example.com,2023-06-14,"Duong Ton Duc Thang, City"
189,Employee 189,Manager,50,0202172992,employee189@example.com,2024-02-25,"Duong Tran Quoc Thao, City"
190,Employee 190,Maintenance,5,0477567017,employee190@example.com,2023-10-13,"Ky Con, City"
191,Employee 191,Manager,90,0775160806,employee191@example.com,2024-03-12,"Duong Nguyen Thi Minh Khai, City"
192,Employee 192,Cashier,51,0628547843,employee192@example.com,2023-07-21,"Duong Nguyen Van Cu, City"
193,Employee 193,Maintenance,8,0457810289,employee193@example.com,2024-01-16,"Pham Van Dong, City"
194,Employee 194,Manager,10,0436416105,employee194@example.com,2023-04-11,"Duong Phan Xich Long, City"
195,Employee 195,Maintenance,59,0796627071,employee195@example.com,2023-09-17,"Duong Vo Van Kiet, City"
196,Employee 196,Pump Attendant,52,0891848776,employee196@example.com,2024-02-26,"Duong Phan Xich Long, City"
197,Employee 197,Maintenance,88,0856196207,employee197@example.com,2024-01-17,"Ton Duc Thang, City"
198,Employee 198,Cashier,49,0748827741,employee198@example.com,2024-03-18,"Nguyen Van Cu, City"
199,Employee 199,Cashier,99,0814191167,employee199@example.com,2024-03-07,"Le Lai, City"
200,Employee 200,Pump Attendant,56,0867288316,employee200@example.com,2023-10-22,"Duong Hai Ba Trung, City"
201,Employee 201,Cashier,74,0432585671,employee201@example.com,2023-10-15,"Phan Van Tri, City"
202,Employee 202,Pump Attendant,2,0952259090,employee202@example.com,2024-03-29,"Phan Van Tri, City"
203,Employee 203,Manager,86,0562858794,employee203@example.com,2023-11-25,"Duong Nguyen Thi Minh Khai, City"
204,Employee 204,Manager,11,0901894724,employee204@example.com,2023-08-28,"Cach Mang Thang Tam, City"
205,Employee 205,Maintenance,6,0348087193,employee205@example.com,2024-01-02,"Duong Hung Vuong, City"
206,Employee 206,Pump Attendant,27,0105203053,employee206@example.com,2023-10-17,"Dien Bien Phu, City"
207,Employee 207,Maintenance,48,0113686808,employee207@example.com,2024-02-04,"Phan Van Tri, City"
208,Employee 208,Cashier,16,0771027941,employee208@example.com,2024-01-30,"Duong Nguyen Binh Khiem, City"
209,Employee 209,Pump Attendant,31,0472197412,employee209@example.com,2023-05-29,"Nguyen Hue, City"
210,Employee 210,Cashier,56,0934391670,employee210@example.com,2024-02-14,"Duong Le Van Sy, City"
211,Employee 211,Manager,52,0340636416,employee211@example.com,2023-11-14,"Duong Tran Quoc Thao, City"
212,Employee 212,Pump Attendant,37,0952850672,employee212@example.com,2024-02-26,"Tran Xuan Soan, City"
213,Employee 213,Maintenance,18,0753297986,employee213@example.com,2023-05-15,"Nam Ky Khoi Nghia, City"
214,Employee 214,Pump Attendant,12,0461077073,employee214@example.com,2024-01-14,"Ky Con, City"
215,Employee 215,Manager,16,0227288113,employee215@example.com,2023-12-11,"Duong Cach Mang Thang Tam, City"
216,Employee 216,Cashier,3,0359957523,employee216@example.com,2023-12-19,"Nguyen Dinh Chieu, City"
217,Employee 217,Manager,96,0867410505,employee217@example.com,2023-07-19,"Duong Ton Duc Thang, City"
218,Employee 218,Manager,15,0172694832,employee218@example.com,2023-10-18,"Ly Thai To, City"
219,Employee 219,Maintenance,81,0918486734,employee219@example.com,2023-09-01,"Cach Mang Thang Tam, City"
220,Employee 220,Cashier,73,0983207918,employee220@example.com,2023-11-19,"Duong Vo Thi Sau, City"
221,Employee 221,Manager,5,0800538760,employee221@example.com,2023-06-10,"Nam Ky Khoi Nghia, City"
222,Employee 222,Maintenance,96,0481820299,employee222@example.com,2023-08-28,"Duong Pasteur, City"
223,Employee 223,Maintenance,57,0935958984,employee223@example.com,2024-02-11,"Tran Xuan Soan, City"
224,Employee 224,Cashier,49,0248014100,employee224@example.com,2023-07-13,"Nguyen Van Cu, City"
225,Employee 225,Manager,53,0227605087,employee225@example.com,2024-03-03,"Vo Van Ngan, City"
226,Employee 226,Cashier,44,0233011671,employee226@example.com,2023-12-12,"Duong Pasteur, City"
227,Employee 227,Pump Attendant,71,0205678503,employee227@example.com,2023-05-09,"Hong Bang, City"
228,Employee 228,Maintenance,39,0205449288,employee228@example.com,2023-11-21,"Thong Nhat, City"
229,Employee 229,Manager,26,0550580680,employee229@example.com,2023-12-11,"Vo Van Ngan, City"
230,Employee 230,Pump Attendant,86,0737576782,employee230@example.com,2024-01-08,"Duong Tran Hung Dao, City"
231,Employee 231,Maintenance,95,0893616894,employee231@example.com,2023-06-26,"Nguyen Dinh Chieu, City"
232,Employee 232,Maintenance,48,0575380766,employee232@example.com,2023-07-01,"Duong Nguyen Thi Minh Khai, City"
233,Employee 233,Cashier,30,0856453710,employee233@example.com,2023-12-20,"Duong Le Thanh Ton, City"
234,Employee 234,Pump Attendant,51,0611695799,employee234@example.com,2023-04-17,"Ky Con, City"
235,Employee 235,Manager,52,0396553746,employee235@example.com,2023-07-03,"Duong Tran Hung Dao, City"
236,Employee 236,Manager,27,0678777302,employee236@example.com,2023-04-02,"Tran Quoc Toan, City"
237,Employee 237,Pump Attendant,67,0531293684,employee237@example.com,2023-05-08,"Nguyen Tri Phuong, City"
238,Employee 238,Manager,29,0681863810,employee238@example.com,2023-06-09,"Duong Vo Van Kiet, City"
239,Employee 239,Manager,72,0598792460,employee239@example.com,2023-07-23,"Duong Nguyen Hue, City"
240,Employee 240,Maintenance,26,0805497979,employee240@example.com,2023-11-27,"Duong Pasteur, City"
241,Employee 241,Pump Attendant,57,0102930316,employee241@example.com,2023-04-10,"Tran Nao, City"
242,Employee 242,Manager,97,0286817654,employee242@example.com,2023-11-03,"Dai Lo Dong Tay, City"
243,Employee 243,Manager,76,0488690299,employee243@example.com,2023-07-17,"Tran Xuan Soan, City"
244,Employee 244,Cashier,92,0542543752,employee244@example.com,2023-08-20,"Xa Lo Ha Noi, City"
245,Employee 245,Pump Attendant,77,0272755058,employee245@example.com,2024-03-21,"Bach Dang, City"
246,Employee 246,Pump Attendant,74,0190371643,employee246@example.com,2023-05-29,"Nguyen Cong Tru, City"
247,Employee 247,Maintenance,57,0223498981,employee247@example.com,2023-05-29,"Tran Xuan Soan, City"
248,Employee 248,Manager,78,0162556066,employee248@example.com,2024-02-16,"Tran Quoc Toan, City"
249,Employee 249,Pump Attendant,70,0219375755,employee249@example.com,2023-12-10,"Duong Le Duan, City"
250,Employee 250,Maintenance,39,0672793332,employee250@example.com,2024-02-11,"Phan Van Tri, City"
251,Employee 251,Manager,7,0163104546,employee251@example.com,2023-10-08,"Tran Xuan Soan, City"
252,Employee 252,Manager,73,0480369450,employee252@example.com,2023-06-15,"Nguyen Thi Thap, City"
253,Employee 253,Manager,44,0613040149,employee253@example.com,2024-03-05,"Nguyen Tri Phuong, City"
254,Employee 254,Cashier,58,0749776601,employee254@example.com,2024-03-31,"Nguyen Hue, City"
255,Employee 255,Pump Attendant,87,0732827361,employee255@example.com,2024-01-16,"Nguyen Van Cu, City"
256,Employee 256,Maintenance,68,0325063449,employee256@example.com,2024-03-15,"Duong Tran Hung Dao, City"
257,Employee 257,Pump Attendant,2,0368385799,employee257@example.com,2023-07-17,"Duong Nguyen Huu Canh, City"
258,Employee 258,Cashier,3,0328918890,employee258@example.com,2023-10-05,"Le Lai, City"
259,Employee 259,Pump Attendant,100,0278872288,employee259@example.com,2023-05-14,"Nguyen Tri Phuong, City"
260,Employee 260,Cashier,76,0942474054,employee260@example.com,2023-08-15,"Duong Ton Duc Thang, City"
261,Employee 261,Cashier,100,0185337037,employee261@example.com,2023-10-24,"Ha Huy Giap, City"
262,Employee 262,Maintenance,7,0765005679,employee262@example.com,2024-01-30,"Duong Le Thanh Ton, City"
263,Employee 263,Cashier,51,0361096945,employee263@example.com,2023-10-12,"Duong Truong Dinh, City"
264,Employee 264,Pump Attendant,52,0903306680,employee264@example.com,2024-01-03,"Duong Le Van Sy, City"
265,Employee 265,Manager,62,0430732293,employee265@example.com,2024-01-24,"Duong Phan Xich Long, City"
266,Employee 266,Pump Attendant,53,0990334931,employee266@example.com,2023-11-21,"Duong Cach Mang Thang Tam, City"
267,Employee 267,Cashier,27,0913365620,employee267@example.com,2023-05-20,"Nguyen Hong, City"
268,Employee 268,Cashier,70,0746065238,employee268@example.com,2023-11-03,"Duong Tran Hung Dao, City"
269,Employee 269,Pump Attendant,95,0415018739,employee269@example.com,2023-08-15,"Nguyen Tat Thanh, City"
270,Employee 270,Manager,59,0922516603,employee270@example.com,2023-10-30,"Cach Mang Thang Tam, City"
271,Employee 271,Pump Attendant,89,0965864948,employee271@example.com,2023-12-16,"Tran Nao, City"
272,Employee 272,Pump Attendant,52,0456457050,employee272@example.com,2023-06-22,"Duong Le Thanh Ton, City"
273,Employee 273,Maintenance,51,0683982582,employee273@example.com,2023-12-19,"Duong Nguyen Binh Khiem, City"
274,Employee 274,Maintenance,64,0349171179,employee274@example.com,2023-08-13,"Tran Nao, City"
275,Employee 275,Cashier,6,0337429428,employee275@example.com,2023-06-06,"Le Van Khuong, City"
276,Employee 276,Cashier,31,0865541253,employee276@example.com,2023-10-22,"Nguyen Hong, City"
277,Employee 277,Maintenance,29,0999585707,employee277@example.com,2023-08-23,"Vo Van Ngan, City"
278,Employee 278,Maintenance,97,0351680295,employee278@example.com,2023-12-11,"Dien Bien Phu, City"
279,Employee 279,Cashier,52,0469484281,employee279@example.com,2023-06-18,"Bach Dang, City"
280,Employee 280,Manager,59,0936063944,employee280@example.com,2023-11-19,"Tran Nao, City"
281,Employee 281,Manager,63,0537058084,employee281@example.com,2023-09-12,"Ly Thai To, City"
282,Employee 282,Maintenance,50,0586224902,employee282@example.com,2023-10-22,"Nguyen Dinh Chieu, City"
283,Employee 283,Maintenance,16,0414052678,employee283@example.com,2023-05-01,"Ha Huy Giap, City"
284,Employee 284,Maintenance,67,0961445326,employee284@example.com,2023-05-22,"Tran Hung Dao, City"
285,Employee 285,Maintenance,60,0495193244,employee285@example.com,2023-07-21,"Hong Bang, City"
286,Employee 286,Maintenance,36,0985696106,employee286@example.com,2023-05-19,"Duong Le Thanh Ton, City"
287,Employee 287,Cashier,59,0359314078,employee287@example.com,2023-12-03,"Duong Vo Thi Sau, City"
288,Employee 288,Manager,21,0748511919,employee288@example.com,2024-01-11,"Ton Duc Thang, City"
289,Employee 289,Manager,13,0853075288,employee289@example.com,2023-08-01,"Duong Tran Quoc Thao, City"
290,Employee 290,Cashier,19,0311243458,employee290@example.com,2024-02-26,"Hong Bang, City"
291,Employee 291,Pump Attendant,48,0437856220,employee291@example.com,2024-02-03,"Tran Hung Dao, City"
292,Employee 292,Pump Attendant,29,0210966308,employee292@example.com,2023-09-04,"Ha Huy Giap, City"
293,Employee 293,Pump Attendant,23,0773914345,employee293@example.com,2023-04-08,"Duong Le Van Sy, City"
294,Employee 294,Manager,49,0271734055,employee294@example.com,2024-01-18,"Nguyen Dinh Chieu, City"
295,Employee 295,Manager,2,0419264888,employee295@example.com,2023-07-18,"Duong Bui Vien, City"
296,Employee 296,Manager,68,0994970700,employee296@example.com,2023-09-27,"Le Lai, City"
297,Employee 297,Manager,6,0981178943,employee297@example.com,2023-12-26,"Duong Cach Mang Thang Tam, City"
298,Employee 298,Cashier,43,0924084766,employee298@example.com,2024-03-21,"Duong Dien Bien Phu, City"
299,Employee 299,Cashier,3,0299525971,employee299@example.com,2023-06-15,"Phan Van Tri, City"
300,Employee 300,Maintenance,56,0181800634,employee300@example.com,2023-07-25,"Duong Nguyen Binh Khiem, City"
301,Employee 301,Cashier,98,0449089017,employee301@example.com,2023-04-26,"Duong Nguyen Hue, City"
302,Employee 302,Pump Attendant,2,0185845174,employee302@example.com,2023-06-12,"Phan Van Tri, City"
303,Employee 303,Pump Attendant,77,0870453933,employee303@example.com,2023-09-12,"Duong Hung Vuong, City"
304,Employee 304,Pump Attendant,48,0209653642,employee304@example.com,2024-01-12,"Duong Nguyen Thi Minh Khai, City"
305,Employee 305,Cashier,1,0505913877,employee305@example.com,2023-09-20,"Duong Hai Ba Trung, City"
306,Employee 306,Cashier,64,0689988610,employee306@example.com,2023-09-07,"Le Lai, City"
307,Employee 307,Pump Attendant,87,0433437505,employee307@example.com,2023-08-18,"Phan Van Tri, City"
308,Employee 308,Maintenance,66,0541985110,employee308@example.com,2023-11-12,"Le Van Sy, City"
309,Employee 309,Manager,26,0452106579,employee309@example.com,2023-08-30,"Nam Ky Khoi Nghia, City"
310,Employee 310,Pump Attendant,25,0106607031,employee310@example.com,2023-07-17,"Tran Nao, City"
311,Employee 311,Cashier,84,0730689928,employee311@example.com,2023-04-16,"Duong Nguyen Thi Minh Khai, City"
312,Employee 312,Manager,6,0440420413,employee312@example.com,2023-08-27,"Tran Xuan Soan, City"
313,Employee 313,Manager,61,0325700605,employee313@example.com,2023-08-26,"Cach Mang Thang Tam, City"
314,Employee 314,Cashier,89,0544906860,employee314@example.com,2023-11-13,"Ton Duc Thang, City"
315,Employee 315,Maintenance,64,0982672131,employee315@example.com,2023-12-06,"An Duong Vuong, City"
316,Employee 316,Maintenance,59,0237028939,employee316@example.com,2023-05-29,"Duong Nguyen Huu Canh, City"
317,Employee 317,Manager,45,0415071725,employee317@example.com,2023-12-27,"Duong Bui Vien, City"
318,Employee 318,Pump Attendant,80,0459098911,employee318@example.com,2024-01-18,"Duong Nguyen Thi Minh Khai, City"
319,Employee 319,Pump Attendant,5,0907238364,employee319@example.com,2023-06-12,"Bach Dang, City"
320,Employee 320,Pump Attendant,18,0945472670,employee320@example.com,2024-03-12,"Tran Hung Dao, City"
321,Employee 321,Pump Attendant,87,0776959662,employee321@example.com,2023-09-30,"Le Van Sy, City"
322,Employee 322,Manager,8,0623095722,employee322@example.com,2023-04-19,"Duong Vo Van Kiet, City"
323,Employee 323,Maintenance,65,0226410266,employee323@example.com,2023-09-15,"Nguyen Dinh Chieu, City"
324,Employee 324,Maintenance,89,0671593254,employee324@example.com,2024-03-21,"Dien Bien Phu, City"
325,Employee 325,Cashier,61,0693719092,employee325@example.com,2023-08-10,"Nam Ky Khoi Nghia, City"
326,Employee 326,Maintenance,96,0971161693,employee326@example.com,2023-06-22,"Dai Lo Dong Tay, City"
327,Employee 327,Pump Attendant,91,0757278909,employee327@example.com,2023-08-05,"Duong Ton Duc Thang, City"
328,Employee 328,Cashier,39,0155834302,employee328@example.com,2023-05-30,"Vo Van Ngan, City"
329,Employee 329,Cashier,29,0886008214,employee329@example.com,2024-01-06,"Duong Dien Bien Phu, City"
330,Employee 330,Cashier,41,0789058229,employee330@example.com,2024-02-28,"Dai Lo Dong Tay, City"
331,Employee 331,Cashier,7,0997612677,employee331@example.com,2024-02-16,"Tran Nao, City"
332,Employee 332,Pump Attendant,8,0668790198,employee332@example.com,2024-03-02,"Le Van Sy, City"
333,Employee 333,Pump Attendant,78,0280192290,employee333@example.com,2023-10-28,"Tran Nao, City"
334,Employee 334,Cashier,34,0185047802,employee334@example.com,2023-04-09,"Duong Ton Duc Thang, City"
335,Employee 335,Cashier,27,0111259885,employee335@example.com,2023-10-04,"Bach Dang, City"
336,Employee 336,Manager,61,0584290754,employee336@example.com,2023-08-21,"Ham Nghi, City"
337,Employee 337,Manager,19,0219640320,employee337@example.com,2023-06-21,"Duong Le Duan, City"
338,Employee 338,Manager,52,0129863434,employee338@example.com,2024-03-11,"Vo Van Ngan, City"
339,Employee 339,Pump Attendant,80,0854194596,employee339@example.com,2023-10-21,"Vo Van Ngan, City"
340,Employee 340,Manager,93,0451242977,employee340@example.com,2023-04-24,"Bach Dang, City"
341,Employee 341,Manager,17,0255784805,employee341@example.com,2023-07-16,"Le Van Khuong, City"
342,Employee 342,Manager,22,0657631659,employee342@example.com,2023-05-06,"Phan Van Tri, City"
343,Employee 343,Cashier,7,0721263898,employee343@example.com,2023-05-07,"Duong Nguyen Tri Phuong, City"
344,Employee 344,Maintenance,52,0686498351,employee344@example.com,2023-05-25,"Duong Tran Hung Dao, City"
345,Employee 345,Manager,2,0907264828,employee345@example.com,2023-12-24,"Duong Pasteur, City"
346,Employee 346,Pump Attendant,19,0782133186,employee346@example.com,2023-11-28,"Tran Nao, City"
347,Employee 347,Manager,66,0751427503,employee347@example.com,2024-01-27,"Nam Ky Khoi Nghia, City"
348,Employee 348,Pump Attendant,19,0709403473,employee348@example.com,2024-03-26,"Phan Van Tri, City"
349,Employee 349,Pump Attendant,74,0983513725,employee349@example.com,2024-02-09,"Duong Le Van Sy, City"
350,Employee 350,Maintenance,49,0737105355,employee350@example.com,2023-07-15,"Duong Nguyen Huu Canh, City"
351,Employee 351,Pump Attendant,25,0908162324,employee351@example.com,2023-08-28,"Le Van Khuong, City"
352,Employee 352,Pump Attendant,73,0142855547,employee352@example.com,2023-04-25,"Duong Nguyen Thi Minh Khai, City"
353,Employee 353,Pump Attendant,26,0116303544,employee353@example.com,2023-04-11,"Ly Thai To, City"
354,Employee 354,Maintenance,73,0760222325,employee354@example.com,2023-06-13,"Duong Hung Vuong, City"
355,Employee 355,Manager,38,0867720997,employee355@example.com,2023-09-04,"Bach Dang, City"
356,Employee 356,Cashier,75,0197440101,employee356@example.com,2023-11-15,"Duong Ton Duc Thang, City"
357,Employee 357,Pump Attendant,96,0100228024,employee357@example.com,2023-07-29,"Nguyen Thi Thap, City"
358,Employee 358,Pump Attendant,49,0896225983,employee358@example.com,2023-10-14,"Le Van Sy, City"
359,Employee 359,Cashier,53,0846104063,employee359@example.com,2023-04-03,"Xo Viet Nghe Tinh, City"
360,Employee 360,Cashier,57,0869730586,employee360@example.com,2023-09-27,"Duong Nguyen Thi Minh Khai, City"
361,Employee 361,Manager,42,0735445125,employee361@example.com,2023-12-07,"Cach Mang Thang Tam, City"
362,Employee 362,Cashier,56,0115712765,employee362@example.com,2024-02-13,"Nguyen Hong, City"
363,Employee 363,Pump Attendant,69,0935751254,employee363@example.com,2023-04-15,"Tran Nao, City"
364,Employee 364,Pump Attendant,27,0521947659,employee364@example.com,2024-01-31,"Xo Viet Nghe Tinh, City"
365,Employee 365,Pump Attendant,11,0784728852,employee365@example.com,2024-02-26,"Nguyen Van Cu, City"
366,Employee 366,Pump Attendant,30,0272781978,employee366@example.com,2023-10-01,"Xo Viet Nghe Tinh, City"
367,Employee 367,Manager,52,0420051934,employee367@example.com,2023-08-22,"Duong Truong Dinh, City"
368,Employee 368,Manager,63,0370199202,employee368@example.com,2024-01-25,"Duong Le Thanh Ton, City"
369,Employee 369,Manager,44,0874592222,employee369@example.com,2023-12-01,"Tran Xuan Soan, City"
370,Employee 370,Pump Attendant,55,0736343325,employee370@example.com,2024-01-17,"Nguyen Tat Thanh, City"
371,Employee 371,Manager,97,0675783903,employee371@example.com,2023-11-16,"Duong Le Van Sy, City"
372,Employee 372,Maintenance,32,0827452756,employee372@example.com,2024-02-06,"Nguyen Van Cu, City"
373,Employee 373,Pump Attendant,46,0339550111,employee373@example.com,2023-11-27,"Duong Le Van Sy, City"
374,Employee 374,Pump Attendant,88,0263986701,employee374@example.com,2023-04-09,"Tran Hung Dao, City"
375,Employee 375,Maintenance,91,0883412301,employee375@example.com,2023-06-11,"Tran Nao, City"
376,Employee 376,Manager,3,0718503722,employee376@example.com,2024-04-01,"Duong Pasteur, City"
377,Employee 377,Pump Attendant,96,0502665097,employee377@example.com,2024-03-02,"Cau Sai Gon, City"
378,Employee 378,Manager,7,0487393029,employee378@example.com,2023-08-02,"Nguyen Tat Thanh, City"
379,Employee 379,Pump Attendant,25,0614829574,employee379@example.com,2023-04-27,"Le Van Khuong, City"
380,Employee 380,Maintenance,28,0521788939,employee380@example.com,2023-06-04,"Nguyen Van Cu, City"
381,Employee 381,Manager,17,0274112839,employee381@example.com,2023-07-17,"Duong Le Thanh Ton, City"
382,Employee 382,Pump Attendant,8,0895187789,employee382@example.com,2024-01-05,"Tran Quoc Toan, City"
383,Employee 383,Pump Attendant,35,0205615768,employee383@example.com,2023-11-06,"Duong Le Thanh Ton, City"
384,Employee 384,Maintenance,94,0569637913,employee384@example.com,2024-03-15,"Le Lai, City"
385,Employee 385,Maintenance,77,0216427417,employee385@example.com,2023-08-09,"Nguyen Tat Thanh, City"
386,Employee 386,Pump Attendant,29,0750622670,employee386@example.com,2023-06-11,"Ton Duc Thang, City"
387,Employee 387,Pump Attendant,71,0636768928,employee387@example.com,2023-07-10,"Le Lai, City"
388,Employee 388,Pump Attendant,98,0377067220,employee388@example.com,2024-03-14,"Le Van Khuong, City"
389,Employee 389,Pump Attendant,11,0120690545,employee389@example.com,2023-06-01,"Nguyen Dinh Chieu, City"
390,Employee 390,Maintenance,20,0506446568,employee390@example.com,2023-06-29,"Tran Quoc Toan, City"
391,Employee 391,Pump Attendant,38,0524918019,employee391@example.com,2023-06-09,"Bach Dang, City"
392,Employee 392,Manager,51,0444259936,employee392@example.com,2023-10-26,"Duong Nguyen Van Cu, City"
393,Employee 393,Manager,74,0321855274,employee393@example.com,2023-08-09,"Duong Nguyen Thi Minh Khai, City"
394,Employee 394,Maintenance,49,0892218877,employee394@example.com,2023-05-07,"Le Lai, City"
395,Employee 395,Manager,52,0616267511,employee395@example.com,2024-03-28,"Nguyen Tri Phuong, City"
396,Employee 396,Maintenance,20,0244034972,employee396@example.com,2023-11-18,"Duong Tran Hung Dao, City"
397,Employee 397,Maintenance,18,0148171130,employee397@example.com,2023-06-07,"Ky Con, City"
398,Employee 398,Pump Attendant,92,0753744870,employee398@example.com,2024-03-08,"Duong Pasteur, City"
399,Employee 399,Pump Attendant,31,0511723748,employee399@example.com,2024-03-17,"Tran Hung Dao, City"
400,Employee 400,Pump Attendant,74,0462187634,employee400@example.com,2024-02-06,"Le Van Khuong, City"
401,Employee 401,Cashier,52,0681287619,employee401@example.com,2023-05-30,"Duong Ton Duc Thang, City"
402,Employee 402,Cashier,74,0168887902,employee402@example.com,2023-07-26,"Duong Nguyen Huu Canh, City"
403,Employee 403,Maintenance,36,0303239587,employee403@example.com,2023-12-03,"Duong Pasteur, City"
404,Employee 404,Manager,51,0256088971,employee404@example.com,2023-12-02,"Duong Hung Vuong, City"
405,Employee 405,Pump Attendant,99,0765468810,employee405@example.com,2023-09-17,"Nguyen Dinh Chieu, City"
406,Employee 406,Cashier,27,0413188261,employee406@example.com,2024-01-24,"Duong Le Thanh Ton, City"
407,Employee 407,Manager,95,0161113619,employee407@example.com,2023-12-03,"Ha Huy Giap, City"
408,Employee 408,Maintenance,38,0576468096,employee408@example.com,2023-09-28,"Duong Ton Duc Thang, City"
409,Employee 409,Manager,89,0155225676,employee409@example.com,2023-09-04,"Duong Vo Van Kiet, City"
410,Employee 410,Cashier,92,0630224756,employee410@example.com,2023-04-24,"Tran Xuan Soan, City"
411,Employee 411,Manager,64,0953492733,employee411@example.com,2023-05-05,"Ky Con, City"
412,Employee 412,Manager,25,0902459300,employee412@example.com,2023-09-23,"Cau Sai Gon, City"
413,Employee 413,Manager,39,0597706231,employee413@example.com,2023-08-20,"Nguyen Dinh Chieu, City"
414,Employee 414,Pump Attendant,80,0411537640,employee414@example.com,2023-07-23,"Nguyen Cong Tru, City"
415,Employee 415,Maintenance,47,0902504398,employee415@example.com,2023-11-02,"Tran Nao, City"
416,Employee 416,Pump Attendant,63,0248674925,employee416@example.com,2023-05-17,"Duong Nguyen Hue, City"
417,Employee 417,Maintenance,58,0411479591,employee417@example.com,2024-01-19,"Tran Nao, City"
418,Employee 418,Cashier,13,0925021018,employee418@example.com,2023-04-13,"Tran Quoc Toan, City"
419,Employee 419,Cashier,18,0451262607,employee419@example.com,2024-02-25,"Duong Bui Vien, City"
420,Employee 420,Manager,42,0417285131,employee420@example.com,2023-06-03,"Nguyen Van Cu, City"
421,Employee 421,Cashier,42,0866625720,employee421@example.com,2023-12-05,"Duong Nguyen Thi Minh Khai, City"
422,Employee 422,Maintenance,81,0952633050,employee422@example.com,2023-08-07,"Phan Van Tri, City"
423,Employee 423,Cashier,55,0761588731,employee423@example.com,2023-10-10,"Duong Nam Ky Khoi Nghia, City"
424,Employee 424,Cashier,46,0713112133,employee424@example.com,2023-07-24,"Le Van Khuong, City"
425,Employee 425,Maintenance,93,0984037559,employee425@example.com,2023-08-14,"Duong Nguyen Tri Phuong, City"
426,Employee 426,Pump Attendant,33,0836494390,employee426@example.com,2023-06-13,"Tran Xuan Soan, City"
427,Employee 427,Maintenance,52,0643067663,employee427@example.com,2023-08-08,"Ton Duc Thang, City"
428,Employee 428,Cashier,38,0671318204,employee428@example.com,2023-05-24,"Ton Duc Thang, City"
429,Employee 429,Cashier,61,0662009762,employee429@example.com,2024-03-08,"Nguyen Hong, City"
430,Employee 430,Maintenance,69,0443774545,employee430@example.com,2023-11-06,"Duong Nam Ky Khoi Nghia, City"
431,Employee 431,Pump Attendant,72,0399273869,employee431@example.com,2023-12-04,"Ha Huy Giap, City"
432,Employee 432,Pump Attendant,18,0739940215,employee432@example.com,2023-10-23,"Nam Ky Khoi Nghia, City"
433,Employee 433,Maintenance,99,0564653079,employee433@example.com,2023-12-28,"Duong Nam Ky Khoi Nghia, City"
434,Employee 434,Maintenance,28,0479469697,employee434@example.com,2023-06-29,"Duong Le Loi, City"
435,Employee 435,Maintenance,59,0566871383,employee435@example.com,2023-08-30,"Duong Nguyen Tri Phuong, City"
436,Employee 436,Maintenance,98,0276625299,employee436@example.com,2023-04-16,"Duong Vo Thi Sau, City"
437,Employee 437,Manager,76,0729658970,employee437@example.com,2024-02-06,"Dai Lo Dong Tay, City"
438,Employee 438,Maintenance,87,0302278934,employee438@example.com,2023-09-12,"Duong Tran Quoc Thao, City"
439,Employee 439,Cashier,38,0194092241,employee439@example.com,2023-11-18,"Nguyen Hong, City"
440,Employee 440,Pump Attendant,53,0570401009,employee440@example.com,2023-12-10,"Duong Le Loi, City"
441,Employee 441,Manager,71,0186674676,employee441@example.com,2023-12-17,"Nguyen Van Cu, City"
442,Employee 442,Cashier,39,0749922187,employee442@example.com,2023-04-25,"Duong Hai Ba Trung, City"
443,Employee 443,Maintenance,30,0814735811,employee443@example.com,2023-06-07,"Duong Pham Ngoc Thach, City"
444,Employee 444,Cashier,66,0293307180,employee444@example.com,2023-06-13,"Duong Ton Duc Thang, City"
445,Employee 445,Cashier,50,0575463242,employee445@example.com,2023-04-10,"Duong Pham Ngoc Thach, City"
446,Employee 446,Manager,29,0949826225,employee446@example.com,2023-05-21,"Vo Van Ngan, City"
447,Employee 447,Cashier,91,0417534239,employee447@example.com,2023-10-20,"Duong Le Loi, City"
448,Employee 448,Pump Attendant,2,0179752704,employee448@example.com,2024-01-22,"Cach Mang Thang Tam, City"
449,Employee 449,Cashier,27,0515312522,employee449@example.com,2023-07-16,"Duong Le Van Sy, City"
450,Employee 450,Manager,26,0755591371,employee450@example.com,2023-09-10,"Xa Lo Ha Noi, City"
451,Employee 451,Pump Attendant,24,0443091453,employee451@example.com,2023-05-11,"Thong Nhat, City"
452,Employee 452,Cashier,54,0902226795,employee452@example.com,2023-06-16,"Nguyen Van Cu, City"
453,Employee 453,Maintenance,98,0729080454,employee453@example.com,2023-08-07,"Dai Lo Dong Tay, City"
454,Employee 454,Cashier,34,0237223069,employee454@example.com,2023-06-17,"Cach Mang Thang Tam, City"
455,Employee 455,Cashier,12,0911235086,employee455@example.com,2023-12-19,"Phan Van Tri, City"
456,Employee 456,Cashier,40,0779186457,employee456@example.com,2023-06-23,"Le Lai, City"
457,Employee 457,Cashier,99,0572363957,employee457@example.com,2024-03-16,"Dai Lo Dong Tay, City"
458,Employee 458,Pump Attendant,85,0293270173,employee458@example.com,2023-07-15,"Nam Ky Khoi Nghia, City"
459,Employee 459,Maintenance,40,0817835927,employee459@example.com,2023-11-17,"Duong Nam Ky Khoi Nghia, City"
460,Employee 460,Cashier,20,0132159543,employee460@example.com,2024-03-23,"Duong Tran Quoc Thao, City"
461,Employee 461,Manager,60,0760234293,employee461@example.com,2023-08-11,"An Duong Vuong, City"
462,Employee 462,Manager,66,0424957889,employee462@example.com,2023-09-03,"Duong Pham Ngoc Thach, City"
463,Employee 463,Pump Attendant,81,0899953368,employee463@example.com,2023-07-20,"Phan Van Tri, City"
464,Employee 464,Manager,33,0151536260,employee464@example.com,2023-06-15,"Nguyen Thi Thap, City"
465,Employee 465,Cashier,23,0855737275,employee465@example.com,2023-04-15,"Dien Bien Phu, City"
466,Employee 466,Maintenance,76,0557005695,employee466@example.com,2024-01-30,"Nguyen Dinh Chieu, City"
467,Employee 467,Cashier,43,0506591445,employee467@example.com,2024-01-28,"Duong Hai Ba Trung, City"
468,Employee 468,Maintenance,79,0710631457,employee468@example.com,2023-05-14,"Le Van Khuong, City"
469,Employee 469,Maintenance,81,0576684828,employee469@example.com,2024-02-12,"Nguyen Tri Phuong, City"
470,Employee 470,Maintenance,41,0147963993,employee470@example.com,2023-09-08,"Nguyen Dinh Chieu, City"
471,Employee 471,Pump Attendant,71,0532085437,employee471@example.com,2024-01-30,"Cach Mang Thang Tam, City"
472,Employee 472,Cashier,5,0901758166,employee472@example.com,2024-01-16,"Duong Vo Thi Sau, City"
473,Employee 473,Maintenance,78,0996929270,employee473@example.com,2023-08-16,"Duong Tran Quoc Thao, City"
474,Employee 474,Cashier,17,0964667343,employee474@example.com,2023-08-14,"Dien Bien Phu, City"
475,Employee 475,Pump Attendant,43,0479281799,employee475@example.com,2024-01-22,"Cach Mang Thang Tam, City"
476,Employee 476,Pump Attendant,18,0918765861,employee476@example.com,2023-09-22,"Duong Nguyen Tri Phuong, City"
477,Employee 477,Pump Attendant,75,0390441224,employee477@example.com,2023-09-27,"Xa Lo Ha Noi, City"
478,Employee 478,Maintenance,24,0622016058,employee478@example.com,2023-08-09,"Le Lai, City"
479,Employee 479,Maintenance,41,0245786760,employee479@example.com,2024-03-02,"Duong Le Van Sy, City"
480,Employee 480,Manager,4,0346760701,employee480@example.com,2023-05-19,"Nam Ky Khoi Nghia, City"
481,Employee 481,Cashier,6,0672595202,employee481@example.com,2023-07-15,"Duong Phan Xich Long, City"
482,Employee 482,Manager,67,0128402368,employee482@example.com,2024-01-01,"Le Van Sy, City"
483,Employee 483,Cashier,81,0885724510,employee483@example.com,2023-06-17,"Vo Van Ngan, City"
484,Employee 484,Manager,84,0151967078,employee484@example.com,2023-05-25,"Kinh Duong Vuong, City"
485,Employee 485,Cashier,87,0323133712,employee485@example.com,2023-09-22,"Duong Nguyen Thi Minh Khai, City"
486,Employee 486,Pump Attendant,71,0471861914,employee486@example.com,2023-09-03,"Cau Sai Gon, City"
487,Employee 487,Cashier,86,0621238082,employee487@example.com,2024-01-25,"Duong Nguyen Hue, City"
488,Employee 488,Maintenance,96,0447122948,employee488@example.com,2023-11-23,"Le Van Khuong, City"
489,Employee 489,Manager,90,0630210080,employee489@example.com,2023-09-12,"Nam Ky Khoi Nghia, City"
490,Employee 490,Pump Attendant,7,0477881339,employee490@example.com,2024-03-29,"Duong Nguyen Van Cu, City"
491,Employee 491,Maintenance,51,0317895672,employee491@example.com,2023-07-07,"Pham Van Dong, City"
492,Employee 492,Manager,29,0869767883,employee492@example.com,2024-02-03,"Tran Hung Dao, City"
493,Employee 493,Maintenance,31,0641629747,employee493@example.com,2024-03-04,"Dien Bien Phu, City"
494,Employee 494,Manager,84,0634573076,employee494@example.com,2023-08-20,"Duong Tran Hung Dao, City"
495,Employee 495,Cashier,82,0758823312,employee495@example.com,2023-10-07,"Duong Nguyen Tri Phuong, City"
496,Employee 496,Pump Attendant,99,0121128206,employee496@example.com,2023-11-01,"Tran Xuan Soan, City"
497,Employee 497,Maintenance,26,0298799574,employee497@example.com,2023-05-01,"Duong Nguyen Tri Phuong, City"
498,Employee 498,Maintenance,18,0478071266,employee498@example.com,2023-05-23,"Nguyen Tat Thanh, City"
499,Employee 499,Pump Attendant,34,0548531262,employee499@example.com,2023-12-21,"Cau Sai Gon, City"
500,Employee 500,Manager,88,0380229352,employee500@example.com,2024-01-07,"Nguyen Van Cu, City"
