GasStationID,GasStationName,Address,PhoneNumber,Email,Notes
1,GasStation 1,"Duong Vo Thi Sau, City",0109303093,station1@example.com,No additional information
2,GasStation 2,"Duong Vo Van Kiet, City",0203139308,station2@example.com,No additional information
3,GasStation 3,"Duong Phan Xich Long, City",0498795080,station3@example.com,No additional information
4,GasStation 4,"Duong Le Duan, City",0620937571,station4@example.com,No additional information
5,GasStation 5,"Nguyen Tat Thanh, City",0605727535,station5@example.com,No additional information
6,GasStation 6,"Le Van Khuong, City",0570599108,station6@example.com,No additional information
7,GasStation 7,"Nguyen Dinh Chieu, City",0160436168,station7@example.com,No additional information
8,GasStation 8,"Dai Lo Dong Tay, City",0944368190,station8@example.com,No additional information
9,GasStation 9,"Nam Ky Khoi Nghia, City",0583375197,station9@example.com,No additional information
10,GasStation 10,"Bach Dang, City",0201549868,station10@example.com,No additional information
11,GasStation 11,"Duong Nguyen Thi Minh Khai, City",0466499241,station11@example.com,No additional information
12,GasStation 12,"Xa Lo Ha Noi, City",0806678022,station12@example.com,No additional information
13,GasStation 13,"Duong Le Thanh Ton, City",0181817367,station13@example.com,No additional information
14,GasStation 14,"Le Van Sy, City",0200239876,station14@example.com,No additional information
15,GasStation 15,"Dai Lo Dong Tay, City",0868484289,station15@example.com,No additional information
16,GasStation 16,"Nguyen Van Cu, City",0439082302,station16@example.com,No additional information
17,GasStation 17,"Duong Tran Hung Dao, City",0916767159,station17@example.com,No additional information
18,GasStation 18,"Duong Nguyen Binh Khiem, City",0187567048,station18@example.com,No additional information
19,GasStation 19,"Tran Xuan Soan, City",0779753629,station19@example.com,No additional information
20,GasStation 20,"Duong Ton Duc Thang, City",0531905327,station20@example.com,No additional information
21,GasStation 21,"Duong Nguyen Tri Phuong, City",0885955856,station21@example.com,No additional information
22,GasStation 22,"Duong Le Duan, City",0648145112,station22@example.com,No additional information
23,GasStation 23,"Duong Le Loi, City",0163591835,station23@example.com,No additional information
24,GasStation 24,"Duong Bui Vien, City",0585862411,station24@example.com,No additional information
25,GasStation 25,"Thong Nhat, City",0321669584,station25@example.com,No additional information
26,GasStation 26,"Cach Mang Thang Tam, City",0663866782,station26@example.com,No additional information
27,GasStation 27,"Vo Van Ngan, City",0745448020,station27@example.com,No additional information
28,GasStation 28,"Tran Nao, City",0973285749,station28@example.com,No additional information
29,GasStation 29,"Tran Nao, City",0204937841,station29@example.com,No additional information
30,GasStation 30,"Le Van Khuong, City",0840676477,station30@example.com,No additional information
31,GasStation 31,"Cach Mang Thang Tam, City",0539461184,station31@example.com,No additional information
32,GasStation 32,"Duong Nguyen Huu Canh, City",0980663505,station32@example.com,No additional information
33,GasStation 33,"Tran Xuan Soan, City",0883279870,station33@example.com,No additional information
34,GasStation 34,"Duong Dien Bien Phu, City",0415730297,station34@example.com,No additional information
35,GasStation 35,"Vo Van Ngan, City",0107379624,station35@example.com,No additional information
36,GasStation 36,"Nguyen Thi Thap, City",0487583006,station36@example.com,No additional information
37,GasStation 37,"Cau Sai Gon, City",0192867662,station37@example.com,No additional information
38,GasStation 38,"Duong Ton Duc Thang, City",0182824026,station38@example.com,No additional information
39,GasStation 39,"Duong Le Thanh Ton, City",0827667347,station39@example.com,No additional information
40,GasStation 40,"Thong Nhat, City",0527806553,station40@example.com,No additional information
41,GasStation 41,"Duong Le Duan, City",0749139666,station41@example.com,No additional information
42,GasStation 42,"Nguyen Dinh Chieu, City",0443578325,station42@example.com,No additional information
43,GasStation 43,"Phan Van Tri, City",0393868238,station43@example.com,No additional information
44,GasStation 44,"Duong Nguyen Tri Phuong, City",0143080861,station44@example.com,No additional information
45,GasStation 45,"Duong Nguyen Thi Minh Khai, City",0608041493,station45@example.com,No additional information
46,GasStation 46,"Hong Bang, City",0246196193,station46@example.com,No additional information
47,GasStation 47,"Duong Vo Thi Sau, City",0794856740,station47@example.com,No additional information
48,GasStation 48,"Duong Pasteur, City",0302088278,station48@example.com,No additional information
49,GasStation 49,"Xa Lo Ha Noi, City",0764778150,station49@example.com,No additional information
50,GasStation 50,"Duong Vo Van Kiet, City",0833378544,station50@example.com,No additional information
51,GasStation 51,"Vo Van Ngan, City",0506820467,station51@example.com,No additional information
52,GasStation 52,"Vo Van Ngan, City",0982475708,station52@example.com,No additional information
53,GasStation 53,"Duong Hai Ba Trung, City",0261200246,station53@example.com,No additional information
54,GasStation 54,"Duong Pasteur, City",0782947927,station54@example.com,No additional information
55,GasStation 55,"Nguyen Thi Thap, City",0595873355,station55@example.com,No additional information
56,GasStation 56,"Phan Van Tri, City",0789171086,station56@example.com,No additional information
57,GasStation 57,"Tran Quoc Toan, City",0163924272,station57@example.com,No additional information
58,GasStation 58,"Phan Van Tri, City",0150620970,station58@example.com,No additional information
59,GasStation 59,"Tran Xuan Soan, City",0459062219,station59@example.com,No additional information
60,GasStation 60,"Nguyen Hong, City",0326104055,station60@example.com,No additional information
61,GasStation 61,"Le Lai, City",0377988098,station61@example.com,No additional information
62,GasStation 62,"Tran Quoc Toan, City",0509922045,station62@example.com,No additional information
63,GasStation 63,"Tran Nao, City",0939068151,station63@example.com,No additional information
64,GasStation 64,"Tran Xuan Soan, City",0796531506,station64@example.com,No additional information
65,GasStation 65,"Nguyen Dinh Chieu, City",0694922580,station65@example.com,No additional information
66,GasStation 66,"Duong Nguyen Hue, City",0473411085,station66@example.com,No additional information
67,GasStation 67,"Duong Hung Vuong, City",0748968838,station67@example.com,No additional information
68,GasStation 68,"Tran Quoc Toan, City",0211017303,station68@example.com,No additional information
69,GasStation 69,"Duong Vo Thi Sau, City",0744474948,station69@example.com,No additional information
70,GasStation 70,"Duong Nam Ky Khoi Nghia, City",0479382954,station70@example.com,No additional information
71,GasStation 71,"Tran Quoc Toan, City",0935179498,station71@example.com,No additional information
72,GasStation 72,"Nam Ky Khoi Nghia, City",0905160169,station72@example.com,No additional information
73,GasStation 73,"Ham Nghi, City",0606998839,station73@example.com,No additional information
74,GasStation 74,"Duong Nguyen Van Cu, City",0178694532,station74@example.com,No additional information
75,GasStation 75,"Ly Thai To, City",0500139293,station75@example.com,No additional information
76,GasStation 76,"Ky Con, City",0493682180,station76@example.com,No additional information
77,GasStation 77,"Cach Mang Thang Tam, City",0994790485,station77@example.com,No additional information
78,GasStation 78,"Pham Van Dong, City",0777023340,station78@example.com,No additional information
79,GasStation 79,"Tran Nao, City",0654762929,station79@example.com,No additional information
80,GasStation 80,"Duong Le Loi, City",0882239594,station80@example.com,No additional information
81,GasStation 81,"Nguyen Thi Thap, City",0336924348,station81@example.com,No additional information
82,GasStation 82,"Tran Hung Dao, City",0858194092,station82@example.com,No additional information
83,GasStation 83,"Tran Nao, City",0255167751,station83@example.com,No additional information
84,GasStation 84,"Nguyen Dinh Chieu, City",0234647831,station84@example.com,No additional information
85,GasStation 85,"Nguyen Thi Thap, City",0230992732,station85@example.com,No additional information
86,GasStation 86,"Bach Dang, City",0920190875,station86@example.com,No additional information
87,GasStation 87,"Ton Duc Thang, City",0312749497,station87@example.com,No additional information
88,GasStation 88,"Thong Nhat, City",0146470612,station88@example.com,No additional information
89,GasStation 89,"Duong Hung Vuong, City",0426868605,station89@example.com,No additional information
90,GasStation 90,"Duong Le Duan, City",0507564970,station90@example.com,No additional information
91,GasStation 91,"Kinh Duong Vuong, City",0443476188,station91@example.com,No additional information
92,GasStation 92,"Le Lai, City",0337700210,station92@example.com,No additional information
93,GasStation 93,"Duong Bui Vien, City",0400498900,station93@example.com,No additional information
94,GasStation 94,"Ton Duc Thang, City",0570595195,station94@example.com,No additional information
95,GasStation 95,"Ham Nghi, City",0760454885,station95@example.com,No additional information
96,GasStation 96,"Duong Pasteur, City",0329134477,station96@example.com,No additional information
97,GasStation 97,"Nguyen Thi Thap, City",0827864779,station97@example.com,No additional information
98,GasStation 98,"Cach Mang Thang Tam, City",0797881627,station98@example.com,No additional information
99,GasStation 99,"Dai Lo Dong Tay, City",0474808346,station99@example.com,No additional information
100,GasStation 100,"Vo Van Ngan, City",0352284437,station100@example.com,No additional information
